Name	Location	Visitors in 2023 and 2022
Louvre	Paris, France	8,900,000 (2023)[2]
Vatican Museums	Vatican City	5,080,866 (2022)[1]
Natural History Museum	London, United Kingdom	4,654,608[3]
British Museum	London, United Kingdom	4,097,253[1][3]
National Museum of Natural History	Washington, D.C., United States	4,400,000 (2023)[4]
Tate Modern	London, United Kingdom	3,883,160[3]
National Museum of Korea	Seoul, South Korea	3,411,381[1]
Guangdong Museum	Guangzhou, China	3,359,700[5]
Mevlana Museum	Konya, Turkey	3,352,505[6]
Musée d'Orsay	Paris, France	3,270,182[7]
National Gallery of Art	Washington, D.C., United States	3,256,433[1]
Metropolitan Museum of Art	New York City, United States	3,208,832[a][1]
Centre Pompidou	Paris, France	3,009,570[7]
State Hermitage Museum	Saint Petersburg, Russia	2,812,913[1]
National Gallery	London, United Kingdom	2,727,119[3]
State Russian Museum	Saint Petersburg, Russia	2,651,688[1]
National Museum of Marine Science and Technology	Keelung, Taiwan	2,582,444[8]
Prado Museum	Madrid, Spain	2,456,724[1]
Victoria and Albert Museum	London, United Kingdom	2,370,261[3]
London Science Museum	London, United Kingdom	2,334,930[3]
Chinese Aviation Museum	Beijing, China	2,300,000[9]
National Museum of Natural Science	Taichung, Taiwan	2,299,808[8]
Galleria degli Uffizi	Florence, Italy	2,222,692[1]
Museum of Modern Art	New York City, United States	2,190,440[1]
Topography of Terror	Berlin, Germany	2,100,000[10]
M+	Hong Kong, China	2,034,331[1]
Opium War Museum [zh]	Dongguan, China	2,025,800[11]
Cité des Sciences et de l'Industrie	Paris, France	1,992,823[7]
National Museum of Scotland	Edinburgh, United Kingdom	1,973,751[3]
State Tretyakov Gallery	Moscow, Russia	1,910,000[1]
National Taiwan Science Education Center	Taipei, Taiwan	1,878,504[8]
National Science and Technology Museum	Kaohsiung, Taiwan	1,875,372[8]
National Museum of Modern and Contemporary Art	Seoul, South Korea	1,806,641[1]
Smithsonian Museum of American History	Washington, D.C., United States	2,100,000 (2023)[12]
Rijksmuseum	Amsterdam, Netherlands	1,766,084[1]
California Science Center	Los Angeles, United States	1,694,000[13]
National Museum of China	Beijing, China	1,630,911[14]
Royal Museums Greenwich	London, United Kingdom	1,628,580[3]
Nanjing Museum	Nanjing, China	1,610,000[15]
Zhejiang Museum of Natural History	Hangzhou, China	1,581,263[16]
National Gallery of Victoria	Melbourne, Australia	1,580,303[1]
Jianchuan Museum Cluster	Chengdu, China	1,538,143[17]
Houston Museum of Natural Science	Houston, United States	1,520,000[13]
Tokyo Metropolitan Art Museum	Tokyo, Japan	1,509,970[1]
Changzhou Museum	Changzhou, China	1,508,229[18]
Humboldt Forum	Berlin, Germany	1,500,000[1]
National Museum of Anthropology	Mexico City, Mexico	1,494,587[19]
National Museum of History	Mexico City, Mexico	1,486,379[19]
National Air and Space Museum[b]	Washington, D.C., United States	1,486,000[20]
Kaohsiung Museum of Fine Arts	Kaohsiung, Taiwan	1,461,406[8]
Acropolis Museum	Athens, Greece	1,451,727[1]
China Science and Technology Museum	Beijing, China	1,431,189[21]
Galleria dell'Accademia	Florence, Italy	1,428,369[1]
Suzhou Museum	Suzhou, China	1,417,412[22]
Chengdu Museum	Chengdu, China	1,404,735[23]
Shanghai Science and Technology Museum	Shanghai, China	1,403,179[24]
The National Art Center, Tokyo	Tokyo, Japan	1,400,096[1]
Louis Vuitton Foundation	Paris, France	1,398,525[1]
Tokyo National Museum	Tokyo, Japan	1,372,132[1]
National Museum in Kraków	Kraków, Poland	1,365,425[1]
Centro Cultural Banco do Brasil	São Paulo, Brazil	1,364,208[1]
Van Gogh Museum	Amsterdam, Netherlands	1,364,023[1]
National Museum of Nature and Science	Tokyo, Japan	1,350,000[13]
Kunsthistorisches Museum	Vienna, Austria	1,345,617[1]
Tianjin Natural History Museum	Tianjin, China	1,320,752[25]
Palacio de Cristal del Retiro	Madrid, Spain	1,318,823[c][1]
Guggenheim Museum Bilbao	Bilbao, Spain	1,289,147[1]
Scottish National Gallery	Edinburgh, United Kingdom	1,277,230[1]
National Gallery Singapore	Singapore	1,262,189[1]
Museo Reina Sofía	Madrid, Spain	1,253,183[d][1]
